id;full_name;sex;weight;height;birthday;phone;jointime
0;Armida Salinas;Male;86.56;195;2002-09-10;+1 477 28-234-32;2020-11-05 16:27:14
1;Roxie Mieth;Male;52.99;200;2002-04-03;+1 184 97-875-31;2020-07-29 13:52:41
2;Stephenie Rosica;Male;68.38;177;2002-03-12;+1 669 42-079-66;2022-09-16 05:21:28
3;Alaine Weinert;Female;81.69;174;2003-04-09;+1 912 24-754-42;2022-10-23 08:40:10
4;Avery Beese;Male;72.51;166;2004-09-09;+1 749 35-089-88;2021-08-03 08:49:24
5;Gloria Macbean;Female;96.19;207;2003-08-02;+1 443 99-277-34;2021-09-11 21:50:03
6;Shira Clemo;Male;58.24;188;2001-04-12;+1 777 28-104-92;2022-06-18 21:04:15
7;Thurman Stacker;Male;89.19;198;2004-02-25;+1 146 05-066-54;2021-01-31 20:45:45
8;Kaylene Andrado;Male;97.54;158;2001-04-17;+1 461 95-879-27;2021-06-24 04:05:01
9;Margaret Cayne;Female;71.91;160;2003-12-24;+1 766 03-570-85;2020-07-02 10:18:56
10;Concha Mccabe;Female;69.3;180;2003-01-02;+1 080 27-229-74;2022-12-06 13:34:56
11;Loretta Wolfrum;Female;60.61;152;2002-01-27;+1 355 97-862-46;2021-04-14 08:22:59
12;Michel Shonerd;Female;77.84;188;2000-01-28;+1 071 74-310-79;2022-12-26 05:39:58
13;Dixie Wehunt;Male;81.17;208;2004-11-26;+1 622 65-696-37;2021-04-24 14:05:09
14;Loida Pardue;Female;77.42;150;2000-05-27;+1 046 98-554-38;2022-10-15 11:52:38
15;Bertha Litwiler;Male;78.21;193;2001-08-26;+1 014 32-056-57;2022-12-07 00:42:30
16;Curtis Laich;Male;65.32;176;2001-02-06;+1 232 41-690-41;2020-12-06 00:22:31
17;Christene Jungbluth;Male;86.16;184;2003-04-22;+1 239 93-558-59;2020-04-07 23:06:22
18;Gwenn Peare;Male;67.42;210;2003-04-11;+1 791 24-230-58;2022-06-04 12:41:19
19;Dayna Meis;Male;99.31;206;2003-08-17;+1 970 31-172-41;2021-01-22 08:03:45
20;Wayne Alario;Male;88.41;154;2004-09-13;+1 992 84-414-11;2020-11-12 16:09:18
21;Soon Westray;Female;72.62;198;2004-12-02;+1 138 66-316-67;2020-06-30 17:02:21
22;Sherlene Rheinhardt;Female;51.61;155;2003-06-10;+1 815 76-413-12;2020-03-05 17:52:13
23;Randell Menez;Male;58.4;189;2001-06-05;+1 376 42-084-32;2021-07-18 11:02:02
24;Numbers Prinzi;Male;72.43;209;2003-09-19;+1 618 85-886-93;2022-03-15 23:38:18
25;Ciara Gueretta;Female;57.06;186;2003-07-09;+1 012 62-597-64;2021-04-10 18:04:48
26;Domenic Teto;Male;63.64;157;2000-06-02;+1 532 13-581-57;2021-01-16 05:25:08
27;Larry Flippen;Male;76.12;159;2001-03-11;+1 262 40-571-73;2021-11-13 16:20:52
28;Billie Lamudio;Female;59.59;160;2001-08-04;+1 137 01-263-68;2022-03-24 17:25:47
29;Irving Mikos;Female;84.41;182;2002-04-02;+1 657 08-331-66;2021-08-20 17:58:10
30;Brigid Monetti;Male;84.17;154;2004-02-06;+1 523 24-460-10;2020-06-08 15:28:15
31;Burton Yellowhair;Female;90.42;206;2004-05-13;+1 049 94-921-00;2022-04-24 16:14:20
32;Shirl Mineau;Male;62.08;151;2003-08-05;+1 184 73-485-33;2023-02-08 02:04:04
33;Devora Stgelais;Male;57.76;187;2003-02-09;+1 505 30-129-80;2020-04-19 18:47:35
34;Lashell Pechal;Female;58.1;161;2003-02-22;+1 270 16-850-50;2021-12-13 23:58:19
35;Chun Palomo;Female;93.61;181;2004-12-30;+1 126 60-236-33;2020-06-19 02:58:46
36;Edythe Augle;Female;58.31;166;2000-11-22;+1 333 13-470-57;2021-08-14 21:17:01
37;Dimple Yu;Female;61.37;150;2002-08-26;+1 140 36-459-13;2022-10-05 01:23:35
38;Sheldon Lloyd;Male;73.63;210;2004-02-01;+1 724 57-140-50;2020-02-11 04:11:48
39;Joycelyn Wellons;Male;86.18;186;2004-12-21;+1 636 81-828-62;2020-06-01 00:47:31
40;Theo Studt;Male;67.37;151;2001-09-28;+1 322 26-249-40;2020-06-15 17:24:18
41;Marissa Tolzmann;Female;55.53;173;2000-05-03;+1 388 41-684-66;2022-05-30 16:07:04
42;Lyndon Leith;Male;56.02;151;2000-01-08;+1 388 93-462-98;2021-06-06 13:03:45
43;Linnea Armfield;Female;72.96;159;2004-06-03;+1 925 74-890-94;2021-08-09 21:55:33
44;Chelsey Medrano;Male;97.0;183;2001-07-15;+1 346 83-608-01;2021-08-11 01:09:15
45;Fermin Hennis;Female;59.64;197;2003-08-01;+1 037 65-288-97;2023-02-19 06:57:53
46;Malissa Soliz;Female;77.46;180;2003-06-28;+1 264 76-749-49;2021-01-16 08:45:58
47;Kurtis Giampaolo;Male;87.47;179;2004-11-21;+1 315 57-652-86;2022-12-05 21:53:31
48;Meredith Koloski;Female;97.66;169;2000-01-11;+1 996 49-636-86;2022-09-02 22:36:45
49;Princess Corado;Female;83.73;200;2002-04-20;+1 373 99-157-00;2022-06-25 21:42:23
50;Olympia Abilay;Male;52.65;168;2004-07-24;+1 830 29-312-41;2021-12-12 13:04:13
51;Leana Vormwald;Female;78.61;190;2003-05-06;+1 834 86-033-27;2022-09-26 22:37:09
52;Maud Quinci;Male;61.67;196;2002-02-17;+1 921 16-775-42;2021-06-16 10:00:13
53;Evita Mayton;Male;71.93;189;2003-09-01;+1 776 05-994-35;2021-10-25 15:30:00
54;Candance Drey;Male;87.4;178;2003-01-09;+1 992 88-956-74;2021-12-03 19:45:31
55;Kandace Olivencia;Male;88.86;209;2000-06-15;+1 276 24-710-47;2022-07-15 22:34:16
56;Pennie Heuman;Male;76.5;171;2000-03-28;+1 116 35-484-25;2022-04-21 01:24:08
57;Sylvia Correy;Male;98.89;200;2004-07-16;+1 435 25-785-35;2021-10-24 17:23:32
58;Britney Whipkey;Female;89.59;198;2004-02-08;+1 924 73-688-62;2020-10-11 04:04:49
59;Sherill Nice;Male;89.95;160;2002-10-08;+1 902 20-698-67;2022-03-10 16:12:24
60;Melania Chollett;Female;72.08;172;2000-12-16;+1 015 76-415-61;2021-02-24 06:31:26
61;Freida Boldenow;Male;83.51;191;2004-07-08;+1 090 25-562-92;2021-07-12 18:36:42
62;Antionette Leadley;Female;61.66;160;2003-07-16;+1 332 33-192-76;2021-07-30 06:37:25
63;Alaina Carlow;Male;81.14;152;2004-04-14;+1 286 64-001-99;2021-05-08 16:11:49
64;Donovan Allwardt;Male;80.35;166;2001-03-14;+1 280 92-603-02;2020-05-08 17:05:34
65;Carina Helmig;Male;63.02;203;2001-05-26;+1 182 13-763-06;2022-04-30 20:24:53
66;Clelia Busby;Male;96.6;176;2000-02-01;+1 522 16-404-57;2021-09-17 02:51:33
67;Hortense Ladick;Male;96.75;167;2002-10-28;+1 103 36-316-61;2021-09-14 22:46:01
68;Zaida Altomonte;Female;68.14;151;2004-01-19;+1 102 30-945-38;2021-04-14 00:13:11
69;Cordelia Slowik;Male;52.91;203;2000-09-14;+1 859 58-364-10;2020-08-14 05:27:50
70;Rona Teddy;Male;56.45;159;2002-04-21;+1 702 50-097-31;2021-11-13 16:45:40
71;Jamika Naftali;Female;63.71;196;2002-12-01;+1 590 65-320-70;2021-05-24 00:20:05
72;Merilyn Malzahn;Male;61.21;160;2001-05-09;+1 104 38-648-87;2021-11-23 11:58:24
73;Kari Scoresby;Female;50.6;191;2001-06-20;+1 590 73-971-71;2020-06-17 17:26:41
74;Kasie Eschenbacher;Male;59.13;192;2000-12-30;+1 575 51-441-64;2021-08-31 16:09:25
75;Thao Fortgang;Female;94.11;192;2000-10-30;+1 963 45-683-10;2023-03-07 04:46:13
76;Kristin Appana;Male;94.24;167;2002-08-18;+1 418 36-355-71;2022-10-29 10:02:19
77;Simon Berrien;Male;86.35;209;2003-09-27;+1 536 62-046-16;2020-12-12 09:40:11
78;Barton Hunstad;Female;52.42;182;2001-03-11;+1 871 54-366-65;2021-09-14 04:42:34
79;Dustin Manzone;Male;51.45;175;2000-01-21;+1 536 82-475-11;2023-02-25 10:10:52
80;Zona Romjue;Male;73.15;203;2003-04-11;+1 705 46-997-90;2021-10-03 21:26:44
81;Celena Dubej;Male;98.65;177;2003-09-16;+1 237 93-010-04;2021-04-02 19:21:54
82;Candi Beare;Male;77.44;201;2004-04-13;+1 008 69-299-02;2021-01-16 04:29:49
83;Mirtha Dambrosi;Female;86.88;165;2004-12-25;+1 984 59-776-61;2022-08-07 13:47:35
84;Donella Haberman;Female;60.05;150;2002-06-16;+1 366 55-871-28;2022-04-09 01:43:29
85;Lucas Reaney;Female;67.42;196;2004-11-12;+1 457 58-614-72;2020-10-17 21:37:40
86;Eugenia Barraco;Male;99.82;175;2002-02-18;+1 592 17-175-55;2020-10-08 17:29:23
87;Phylicia Naret;Female;60.7;156;2004-10-30;+1 631 29-987-89;2020-05-20 14:46:54
88;Carolyn Wexell;Female;63.52;199;2004-03-22;+1 487 52-258-21;2020-07-28 04:53:46
89;Elsie Goll;Female;96.51;201;2004-12-27;+1 359 47-232-54;2021-03-05 21:22:59
90;Lenita Fluellen;Female;83.01;173;2000-01-19;+1 631 45-169-28;2020-12-06 04:02:22
91;Marni Ravenhorst;Male;83.36;194;2000-03-23;+1 930 73-566-34;2020-07-31 23:55:13
92;Jed Perteet;Female;62.27;173;2002-04-26;+1 074 82-524-71;2020-07-31 20:19:28
93;German Esterson;Male;95.66;208;2004-08-05;+1 363 62-075-25;2021-07-30 09:18:03
94;Jarrod Ostlund;Female;71.79;204;2001-04-17;+1 733 91-226-53;2021-06-29 01:55:50
95;Helen Spinosa;Male;75.69;185;2000-02-03;+1 249 70-838-88;2022-07-28 14:24:25
96;Silvia Renner;Male;52.65;154;2002-12-07;+1 004 84-400-70;2022-10-05 16:29:07
97;Bruno Oleson;Female;52.33;203;2001-12-14;+1 128 29-928-73;2023-01-16 02:31:01
98;Eliz Hassenplug;Male;57.16;177;2000-05-23;+1 993 03-054-77;2020-11-16 02:43:11
99;Bess Jahnke;Male;69.57;160;2001-11-14;+1 044 84-999-17;2022-04-05 05:34:12
100;Man Poetker;Female;83.64;165;2004-06-23;+1 970 70-287-38;2022-09-12 20:04:26
101;Vertie Abela;Male;80.67;182;2003-04-02;+1 129 21-160-46;2021-08-09 20:15:42
102;Leandra Scheiderer;Female;82.52;153;2003-01-29;+1 087 43-063-78;2021-03-03 00:16:52
103;Shawnna Tara;Female;53.63;173;2000-05-29;+1 949 60-204-12;2021-04-16 02:23:13
104;Yevette Kott;Female;72.91;155;2001-08-16;+1 573 93-604-51;2020-01-04 11:42:35
105;Natasha Stilner;Male;62.47;175;2001-03-16;+1 146 10-919-09;2021-03-04 12:17:56
106;Valentine Reynoldson;Female;56.27;197;2001-03-25;+1 756 30-641-51;2020-08-16 04:09:28
107;Hope Loring;Female;76.98;162;2004-03-16;+1 179 58-487-68;2021-09-03 05:44:12
108;Savanna Tervort;Female;66.96;188;2003-04-26;+1 539 61-035-99;2020-04-12 08:24:14
109;Kizzy Woodmansee;Male;76.13;210;2000-02-28;+1 622 92-743-42;2020-05-22 22:30:30
110;Chere Tensley;Female;50.71;193;2003-04-11;+1 088 12-570-76;2022-05-16 08:52:38
111;Beth Golphin;Male;86.09;163;2001-11-23;+1 613 31-144-90;2021-08-18 19:25:45
112;Pamila Masin;Female;89.37;177;2004-05-11;+1 552 94-049-34;2020-01-07 17:07:45
113;Mitsue Birdsall;Female;84.21;192;2000-12-01;+1 291 16-459-15;2021-02-08 22:53:44
114;Caroyln Baradi;Male;82.56;157;2003-06-21;+1 965 39-438-50;2021-11-11 13:26:27
115;Jerold Rosenzweig;Female;69.96;170;2002-11-24;+1 952 71-638-11;2020-04-09 02:12:44
116;Caroyln Chrostowski;Female;82.77;156;2003-07-29;+1 697 82-926-15;2020-01-16 20:28:36
117;Katharyn Corgiat;Male;59.65;194;2002-10-02;+1 646 47-211-88;2021-08-19 18:04:09
118;Allene Bonardi;Male;92.38;169;2001-06-10;+1 008 36-480-61;2021-06-26 05:48:11
119;Oleta Talvy;Male;82.89;204;2003-04-02;+1 690 03-168-23;2021-03-29 06:58:36
120;Tracey Huger;Female;91.77;200;2002-02-08;+1 860 93-724-85;2022-07-16 22:06:36
121;Coy Gulnac;Female;54.64;194;2002-03-04;+1 092 00-470-77;2021-11-30 15:37:15
122;Cleora Muszar;Male;84.16;204;2003-06-29;+1 811 54-075-37;2022-10-25 01:49:49
123;Maryjane Gilruth;Female;98.44;173;2003-05-11;+1 461 18-988-07;2022-08-03 04:17:04
124;Ferdinand Cockayne;Female;75.96;169;2000-03-11;+1 501 77-584-15;2021-06-25 18:07:20
125;Pricilla Liloia;Female;70.63;162;2001-02-01;+1 943 62-907-51;2021-09-06 22:34:23
126;Kathy Dakins;Female;60.25;183;2000-05-03;+1 351 53-725-61;2021-08-18 01:55:30
127;Kiley Macgowan;Female;56.22;165;2002-10-14;+1 056 63-523-61;2020-07-27 13:58:30
128;Kendall Nevitt;Female;87.53;160;2004-04-19;+1 418 52-815-73;2021-12-02 10:37:27
129;Lucia Alcombright;Male;94.99;198;2003-09-15;+1 100 15-185-92;2020-09-17 05:39:20
130;Olimpia Janco;Male;90.09;157;2001-11-23;+1 354 89-399-56;2020-01-04 08:35:10
131;Leonia Locsin;Female;52.68;199;2002-09-07;+1 982 53-866-52;2022-03-14 00:13:36
132;Suellen Vintinner;Male;74.06;195;2000-03-05;+1 831 59-252-14;2022-08-10 15:01:22
133;Karren Tourikis;Male;79.76;163;2003-01-19;+1 096 61-717-42;2022-12-17 10:23:02
134;Antonietta Barrack;Male;51.5;168;2001-12-31;+1 741 74-444-45;2021-09-04 02:25:28
135;Delana Ancira;Male;93.09;164;2001-07-17;+1 770 71-555-26;2022-10-12 07:01:30
136;Drew Bensch;Male;68.16;206;2001-07-27;+1 292 60-970-96;2022-11-24 03:00:31
137;Cleotilde Cartin;Female;66.71;155;2000-11-18;+1 687 78-083-01;2021-05-22 12:52:07
138;Savannah Monterio;Male;83.53;208;2003-09-04;+1 433 00-966-21;2022-01-04 19:04:11
139;Natalya Eady;Female;82.4;177;2000-11-08;+1 248 47-466-83;2020-07-11 00:51:57
140;Traci Mcmasters;Female;81.61;208;2003-09-10;+1 100 72-236-31;2021-04-01 16:30:46
141;Erlene Starkweather;Female;51.5;209;2000-04-23;+1 774 37-709-59;2021-08-14 04:13:31
142;Pablo Plewinski;Male;86.41;156;2002-11-03;+1 656 11-292-74;2022-12-11 15:52:20
143;Zenia Zucchetto;Male;90.5;188;2004-12-26;+1 133 13-391-41;2021-07-11 16:57:15
144;Alishia Hymon;Male;63.87;206;2001-11-24;+1 716 46-575-59;2023-01-27 17:33:54
145;Hannah Hewlin;Female;64.03;209;2000-09-12;+1 422 91-835-59;2021-04-25 15:28:45
146;Adrian Spotwood;Male;81.06;153;2003-04-09;+1 620 81-551-47;2021-06-26 19:36:47
147;Cordelia Holdsworth;Male;96.36;166;2001-03-26;+1 694 80-595-46;2022-07-16 11:15:27
148;Alline Wilcoxson;Female;78.03;206;2003-05-23;+1 007 78-743-28;2020-01-26 12:08:22
149;Hollis Ruta;Male;79.23;196;2001-01-09;+1 030 87-557-91;2022-10-23 22:55:30
150;Janetta Kindschuh;Male;54.17;194;2004-02-10;+1 317 96-617-85;2022-02-19 09:50:58
151;Ulysses Shreve;Female;61.67;158;2002-12-18;+1 686 46-456-22;2020-08-17 15:33:12
152;Jimmie Auclair;Female;82.25;159;2001-04-03;+1 306 74-256-13;2022-09-19 13:42:47
153;Alisa Ringwood;Male;72.21;189;2000-10-02;+1 437 51-270-26;2020-05-29 16:12:46
154;Jackson Arredla;Female;93.11;193;2000-02-13;+1 612 45-382-56;2022-01-05 18:24:13
155;Afton Geeding;Male;67.91;150;2002-02-17;+1 839 99-123-96;2021-09-10 18:12:32
156;Adelaide Embertson;Male;86.68;164;2003-06-27;+1 738 43-352-72;2023-02-27 04:46:14
157;Quintin Canak;Female;90.6;150;2002-03-31;+1 803 35-619-82;2020-03-14 08:23:19
158;Dorothy Henrick;Male;65.08;199;2004-02-10;+1 154 98-701-10;2021-07-14 21:25:33
159;Cecil Chari;Male;76.43;166;2000-08-01;+1 378 26-750-51;2022-08-22 18:12:00
160;Victoria Wegner;Male;64.45;161;2002-02-08;+1 674 81-474-79;2021-02-18 05:14:15
161;Coletta Depedro;Male;96.56;197;2000-09-20;+1 835 02-616-50;2021-03-09 22:30:47
162;Ellen Ambrosius;Female;90.84;208;2001-03-19;+1 690 44-039-03;2021-10-16 03:12:06
163;Eunice Minerich;Female;96.22;154;2002-05-11;+1 910 43-234-76;2022-04-10 05:33:33
164;Ione Washurn;Male;77.68;196;2003-12-31;+1 125 03-559-42;2021-03-15 18:34:02
165;Les Sekula;Male;85.68;153;2001-06-08;+1 532 91-255-41;2021-03-18 16:01:37
166;Zita Felan;Male;82.87;192;2000-10-30;+1 301 09-256-55;2021-06-21 03:36:24
167;Karisa Silvia;Male;93.7;172;2004-04-06;+1 130 65-420-89;2023-01-03 11:25:52
168;Lyman Bailie;Male;88.11;191;2002-04-01;+1 678 87-413-80;2020-07-23 18:44:14
169;Joannie Cornely;Female;55.1;152;2000-10-08;+1 697 25-963-15;2022-11-24 18:15:08
170;Terence Niess;Male;87.58;174;2003-11-06;+1 715 60-450-34;2021-09-20 06:58:13
171;Shameka Wirkkala;Male;88.46;154;2003-03-13;+1 161 55-414-19;2022-06-24 02:54:51
172;Vicente Flegle;Female;59.9;176;2000-02-11;+1 530 01-931-31;2021-04-27 18:41:01
173;Halina Setlock;Male;97.6;206;2004-03-24;+1 891 21-351-20;2021-06-14 10:05:15
174;Kyla Caramella;Female;50.36;176;2004-08-06;+1 873 43-571-49;2022-06-20 00:10:03
175;Kimberely Tehrani;Male;51.19;160;2000-07-23;+1 599 51-714-32;2022-12-10 00:26:37
176;Lucila Lavalette;Male;70.73;187;2002-12-04;+1 930 37-905-02;2022-05-09 04:39:04
177;Arlinda Lakins;Male;62.46;153;2001-10-14;+1 203 18-875-92;2022-12-19 03:41:33
178;Krissy Guthary;Female;64.54;200;2001-02-11;+1 668 14-790-93;2022-07-28 23:17:58
179;Norman Hiltz;Female;76.11;184;2001-06-09;+1 159 94-053-04;2020-04-26 13:44:24
180;Liana Sylvest;Male;60.53;165;2001-05-15;+1 975 25-098-51;2020-04-21 19:06:34
181;Lyda Vandeusen;Female;98.36;177;2002-08-22;+1 497 79-682-11;2020-04-23 17:25:17
182;Maryanne Harbaugh;Female;97.18;187;2001-03-10;+1 270 67-076-66;2023-01-30 09:13:32
183;Siobhan Ronchetti;Female;77.4;154;2004-02-06;+1 959 43-930-46;2020-01-06 15:20:47
184;Lorie Sweene;Male;81.23;172;2000-03-31;+1 924 80-819-11;2020-09-05 06:37:53
185;Reiko Roeber;Female;72.94;200;2002-09-11;+1 669 80-879-49;2022-12-01 00:23:13
186;Tiara Takenaka;Male;64.61;167;2002-02-06;+1 248 45-418-35;2020-09-18 17:33:52
187;Maira Ourada;Female;91.38;203;2003-07-30;+1 796 86-589-35;2022-06-25 19:07:51
188;Asley Teigen;Male;83.06;200;2003-02-27;+1 786 82-541-93;2021-04-23 21:01:06
189;Vera Cristello;Female;65.07;179;2000-06-27;+1 711 75-182-44;2021-08-30 21:29:56
190;Mohammed Cappo;Male;94.26;167;2000-06-29;+1 994 49-115-23;2021-11-07 20:58:15
191;Eliseo Guinane;Male;96.6;179;2003-07-08;+1 078 84-405-32;2020-11-18 10:29:23
192;Belle Vizcarrondo;Male;61.34;203;2000-04-18;+1 978 87-538-96;2022-08-07 01:19:39
193;Launa Hykes;Female;51.98;192;2001-12-17;+1 253 81-560-66;2020-07-03 02:32:20
194;Lanita Denski;Female;79.32;183;2000-01-19;+1 689 41-568-73;2020-08-14 08:11:47
195;Hang Gambill;Male;90.66;209;2000-01-03;+1 000 46-462-12;2021-01-02 09:03:45
196;Sherryl Marello;Male;88.21;154;2004-10-30;+1 498 08-372-80;2023-03-03 06:56:24
197;Allie Greil;Male;83.8;157;2000-12-30;+1 646 77-088-31;2020-12-04 00:55:44
198;Stephenie Wisecup;Female;53.83;197;2003-11-18;+1 011 65-020-00;2022-09-29 15:23:18
199;Tawny Parone;Male;58.59;193;2000-01-16;+1 448 07-386-93;2020-12-28 08:57:19
200;Sherell Oravetz;Male;78.3;182;2004-08-03;+1 635 08-274-29;2022-12-25 08:31:40
201;Li Radatz;Female;70.66;155;2002-07-16;+1 653 56-409-84;2021-02-24 03:08:08
202;Toccara Poort;Male;67.99;169;2000-11-18;+1 679 65-559-96;2020-01-11 12:36:01
203;Lannie Demasters;Female;52.2;196;2000-09-23;+1 791 46-872-04;2020-10-12 11:58:45
204;Ardelle Cragin;Male;72.61;174;2002-01-16;+1 403 98-065-04;2023-01-05 23:37:10
205;Karlene Shelnutt;Male;89.65;191;2001-02-16;+1 922 67-967-15;2022-12-01 06:48:40
206;Sook Littler;Female;69.47;193;2003-03-30;+1 014 65-909-02;2022-08-20 07:10:16
207;Rob Mikelson;Male;78.73;171;2004-10-24;+1 949 45-198-09;2020-03-01 02:27:23
208;Numbers Feyen;Male;78.04;184;2004-03-01;+1 552 36-901-72;2020-01-28 11:39:52
209;Caren Escobeo;Male;75.39;191;2004-12-18;+1 989 07-880-93;2023-02-19 14:19:42
210;Chanelle Hornbarger;Female;56.88;159;2001-01-14;+1 215 62-556-64;2021-11-29 05:21:59
211;Anton Teltschik;Male;73.76;200;2004-07-22;+1 475 95-963-01;2022-05-05 15:14:48
212;Carrie Steiskal;Male;83.12;196;2000-03-20;+1 521 89-125-11;2021-05-29 11:32:42
213;Kristine Hattori;Female;84.87;190;2004-09-27;+1 451 33-881-42;2022-10-28 15:27:51
214;Cleveland Brush;Female;53.47;201;2002-12-23;+1 264 11-313-23;2020-10-15 07:51:41
215;Bethann Cortopassi;Male;93.51;187;2002-06-27;+1 325 79-765-31;2020-10-13 04:21:50
216;Corie Norlund;Male;56.88;195;2003-07-21;+1 420 84-518-11;2020-10-20 04:36:43
217;John Pytel;Female;59.83;199;2002-01-13;+1 417 52-145-94;2020-10-22 13:08:24
218;Tatyana Ketchersid;Male;55.43;190;2002-11-08;+1 793 99-953-13;2021-02-17 08:58:05
219;Celestine Saia;Male;73.97;182;2000-08-02;+1 501 46-707-09;2022-08-07 02:55:16
220;Criselda Aurand;Male;52.64;159;2002-02-17;+1 675 84-233-74;2022-10-07 04:18:33
221;Jenifer Jolicoeur;Female;92.47;198;2003-04-18;+1 094 77-972-25;2022-02-12 08:22:12
222;Esteban Sorey;Female;69.85;193;2002-05-10;+1 665 75-516-91;2022-05-29 23:52:03
223;Garland Hamic;Male;85.02;177;2002-11-28;+1 306 61-102-83;2020-05-25 08:05:20
224;Kum Greto;Male;89.46;154;2003-02-02;+1 989 19-757-62;2020-02-08 21:42:34
225;Cristine Wenker;Female;81.62;184;2000-09-28;+1 647 57-302-58;2020-05-16 14:26:58
226;Barb Swecker;Male;96.47;163;2002-02-08;+1 841 88-967-92;2021-05-13 10:05:07
227;Gilberto Tristan;Female;65.07;151;2002-06-29;+1 899 64-356-01;2022-06-04 00:24:21
228;Rueben Vanauken;Male;89.88;182;2002-04-22;+1 535 41-567-93;2023-01-29 02:16:23
229;Jed Funderbunk;Female;95.87;192;2004-12-13;+1 313 36-787-90;2022-06-01 00:15:49
230;Millicent Paparo;Female;52.66;167;2004-12-07;+1 200 88-675-44;2020-07-22 03:23:56
231;James Svenningsen;Male;50.97;201;2001-09-08;+1 455 81-195-69;2022-06-04 13:13:18
232;Rosio Gonzalez;Female;65.95;185;2001-11-12;+1 040 31-108-56;2021-01-27 07:32:43
233;Julietta Koffler;Male;76.53;163;2001-01-20;+1 570 74-352-44;2021-01-11 07:05:02
234;Shirley Jessee;Female;65.65;152;2000-04-14;+1 840 15-394-44;2022-09-09 19:02:01
235;Antonetta Neiling;Male;84.4;205;2003-11-09;+1 829 62-870-73;2022-01-06 07:10:50
236;Bernardo Valletta;Female;72.43;187;2002-07-28;+1 380 34-135-35;2020-08-23 22:04:59
237;Tyler Mclin;Male;63.31;178;2000-10-14;+1 846 43-932-56;2021-10-07 12:43:45
238;Erma Pereiro;Female;52.6;200;2000-01-31;+1 197 59-135-00;2021-04-24 10:55:54
239;Bernice Weisner;Female;96.33;189;2002-12-07;+1 476 40-534-51;2020-09-28 02:28:19
240;Vi Skursky;Female;80.04;196;2000-11-03;+1 745 92-534-72;2020-10-17 16:22:51
241;Dennis Caseres;Female;68.11;205;2002-09-30;+1 687 67-198-36;2021-06-23 16:09:36
242;Arleen Cardiff;Male;83.26;208;2004-10-09;+1 146 50-960-03;2022-06-27 03:37:35
243;Windy Bajorek;Male;56.53;163;2004-02-09;+1 228 08-666-22;2021-05-12 16:14:22
244;Richelle Krol;Female;67.65;199;2002-06-02;+1 705 92-467-01;2021-12-20 06:19:28
245;Marlena Rimbach;Male;73.05;198;2002-09-16;+1 045 01-531-97;2021-03-26 19:33:00
246;Humberto Yerena;Female;59.95;181;2002-12-09;+1 948 22-355-54;2021-09-27 01:43:01
247;Lissa Heisler;Male;51.36;158;2000-02-27;+1 667 05-277-47;2020-05-11 19:35:08
248;Trudie Hiser;Male;90.78;210;2000-02-29;+1 225 70-825-07;2021-01-06 22:01:26
249;Hung Tillman;Female;79.5;161;2000-02-12;+1 140 58-596-10;2022-03-30 20:51:12
250;Vernice Cercy;Male;66.18;175;2000-04-19;+1 571 62-106-96;2022-09-06 20:21:07
251;Vannesa Norley;Male;81.6;156;2004-12-25;+1 756 85-771-79;2023-02-07 00:07:39
252;Tierra Abilez;Female;66.14;181;2004-09-01;+1 922 54-319-07;2021-03-19 14:47:38
253;Adriane Leavins;Female;69.55;172;2002-05-08;+1 726 77-545-18;2020-11-10 01:36:53
254;Taylor Grattelo;Male;76.6;170;2004-07-27;+1 283 82-297-80;2023-01-12 11:03:46
255;Tanisha Sikes;Female;87.08;189;2002-04-08;+1 106 12-398-51;2021-11-03 22:04:20
256;Lenora Prohaska;Female;83.85;156;2002-11-07;+1 784 56-831-38;2020-10-01 11:59:10
257;Cherly Madge;Male;69.01;164;2000-12-07;+1 334 12-624-95;2020-08-24 22:44:27
258;Candice Fugah;Male;52.12;193;2003-06-25;+1 683 29-561-45;2022-08-30 11:41:37
259;Louanne Sliger;Female;92.1;178;2000-02-14;+1 829 79-940-56;2022-06-25 00:48:12
260;Polly Gaer;Female;92.2;195;2003-11-15;+1 790 51-145-00;2020-04-22 06:18:09
261;Waltraud Stucki;Female;96.71;170;2003-07-09;+1 737 92-439-66;2021-06-27 05:04:09
262;Wilmer Oshea;Male;68.01;165;2003-05-31;+1 267 09-708-42;2022-11-02 08:08:14
263;Bettye Stark;Male;78.09;187;2004-09-25;+1 609 33-580-85;2020-12-30 08:06:06
264;Cornell Lagrave;Female;98.14;185;2003-11-18;+1 998 16-224-76;2021-02-20 15:12:33
265;Nelda Tiry;Male;65.55;192;2000-11-05;+1 209 01-939-38;2021-11-20 03:38:37
266;Ingeborg Aldworth;Male;56.88;179;2002-03-05;+1 454 28-093-43;2020-11-13 23:38:35
267;Abraham Friedrichs;Male;95.66;206;2000-07-22;+1 078 88-993-01;2020-11-16 06:19:55
268;Carmine Favolise;Male;95.95;182;2004-07-07;+1 252 19-075-57;2022-04-25 15:00:08
269;Chante Morain;Male;65.77;157;2002-03-16;+1 751 94-673-27;2020-10-03 17:32:56
270;Sharleen Ritzel;Female;58.52;176;2002-12-08;+1 366 53-506-05;2020-08-20 00:22:49
271;Carina Depinto;Male;67.33;202;2003-01-06;+1 230 31-552-00;2020-05-30 18:07:14
272;Gussie Callicott;Male;96.57;193;2002-10-07;+1 894 87-314-81;2022-08-20 02:04:01
273;Tashina Lubinski;Male;86.66;177;2001-11-21;+1 529 55-371-54;2022-09-16 11:13:47
274;Michele Grady;Male;85.55;153;2002-05-21;+1 632 13-189-07;2021-02-11 23:20:16
275;Burt Quattlebaum;Male;77.01;198;2001-03-04;+1 768 71-160-13;2022-11-02 18:17:49
276;Krystina Ringstaff;Female;57.07;199;2001-10-08;+1 131 70-876-60;2020-10-26 13:58:05
277;Sharilyn Alisauskas;Female;53.22;160;2004-06-08;+1 405 75-073-24;2023-01-27 19:15:56
278;Dori Lopus;Male;89.85;151;2002-10-01;+1 209 63-233-94;2021-10-28 20:22:07
279;Qiana Azor;Male;95.26;207;2004-03-18;+1 641 29-133-75;2022-04-30 12:30:47
280;Ariane Maiello;Male;54.66;154;2003-01-05;+1 250 52-140-64;2022-11-09 17:11:50
281;Irvin Store;Female;63.61;198;2004-06-22;+1 834 58-419-25;2020-08-02 14:32:09
282;Nanette Pelnar;Male;71.93;155;2003-11-11;+1 287 36-308-59;2021-04-23 14:14:39
283;Tanna Folkes;Male;68.83;192;2004-04-19;+1 406 34-537-22;2022-06-01 23:59:44
284;Tari Masker;Female;87.93;170;2000-01-25;+1 006 83-105-91;2020-12-11 16:04:56
285;Gillian Boender;Female;97.39;206;2003-07-31;+1 507 90-618-25;2021-08-30 16:31:02
286;Bessie Lierman;Male;75.95;170;2001-04-01;+1 891 63-120-48;2021-04-20 00:35:22
287;Yu Dorsette;Female;90.52;158;2000-05-11;+1 645 92-074-90;2022-05-30 11:54:30
288;Tatyana Angeles;Female;76.65;204;2001-12-18;+1 675 16-716-87;2022-02-28 17:14:33
289;Kristopher Krupp;Female;58.61;189;2004-10-25;+1 085 18-464-27;2020-02-14 10:38:58
290;Lynetta Lozey;Female;91.22;165;2001-12-28;+1 716 64-467-88;2020-04-10 02:11:39
291;Harold Tuthill;Female;63.82;187;2003-12-10;+1 412 67-727-21;2020-02-28 23:11:18
292;Vella Disalvi;Male;86.51;170;2003-06-06;+1 380 67-623-58;2021-05-03 06:48:50
293;Joey Annala;Male;55.14;188;2003-10-18;+1 816 12-532-96;2021-05-13 01:54:31
294;Eddy Stiggers;Female;50.09;208;2004-03-02;+1 776 45-696-58;2021-05-03 16:31:29
295;Jaquelyn Rostek;Female;57.87;190;2001-12-22;+1 724 38-560-95;2020-02-21 07:51:09
296;Elvie Kinstler;Male;63.34;179;2000-06-20;+1 137 95-126-72;2020-08-22 10:47:08
297;Mason Hard;Female;72.26;156;2000-11-30;+1 718 84-162-76;2021-11-02 13:36:06
298;Jeanice Rayo;Male;63.05;163;2002-05-20;+1 142 11-735-41;2022-09-21 02:44:56
299;Enrique Bachmeier;Male;67.62;156;2001-08-19;+1 367 29-551-35;2021-06-02 03:53:04
300;Joyce Bilderback;Male;92.61;179;2003-01-18;+1 412 93-425-90;2020-09-12 13:39:48
301;Angel Carrubba;Male;70.34;165;2000-06-13;+1 686 49-781-16;2021-03-23 01:58:42
302;Kanisha Peters;Male;82.07;196;2001-04-16;+1 517 22-210-89;2020-02-07 21:06:06
303;Rufus Savo;Male;77.47;164;2003-08-10;+1 455 93-638-31;2020-08-30 02:57:13
304;Loriann Margison;Male;74.99;158;2001-07-14;+1 256 33-016-94;2021-09-27 05:01:10
305;Georgette Everhart;Female;59.02;189;2003-05-29;+1 618 22-437-40;2021-07-01 10:29:14
306;Miles Pecka;Male;62.69;181;2002-08-17;+1 177 90-235-71;2022-05-07 22:25:18
307;Bernardine Breath;Male;50.21;194;2002-05-09;+1 890 46-598-13;2021-11-23 09:15:22
308;Percy Lizardi;Male;56.57;157;2002-10-01;+1 359 53-902-37;2020-04-08 22:22:23
309;Floy Wai;Male;91.44;158;2000-10-03;+1 070 42-674-81;2021-07-17 15:29:38
310;Aracelis Guerini;Male;62.88;194;2004-02-18;+1 672 18-413-28;2020-03-02 20:30:31
311;Elden Kopacz;Female;71.05;175;2004-04-25;+1 646 90-387-89;2022-11-20 10:03:51
312;Oralee Darensbourg;Female;83.73;155;2001-07-19;+1 894 34-671-40;2020-12-15 05:30:42
313;Jennell Delosrios;Male;85.75;207;2001-02-23;+1 992 23-173-31;2022-01-17 05:26:18
314;Aimee Deliberato;Female;90.2;153;2004-02-02;+1 445 41-343-20;2022-07-26 14:34:17
315;Kenna Jardel;Male;53.39;194;2004-01-22;+1 479 56-627-77;2022-03-09 05:21:48
316;Nadine Ommen;Female;92.16;189;2001-10-13;+1 852 96-496-28;2022-06-29 06:00:53
317;Rachal Marsala;Female;50.85;190;2004-11-16;+1 765 21-312-70;2022-01-19 02:06:27
318;Eloy Presswood;Female;79.76;158;2001-05-17;+1 369 84-752-02;2021-05-05 01:58:46
319;Audria Loh;Female;79.53;197;2004-06-10;+1 134 48-615-08;2021-01-05 00:49:28
320;Easter Polley;Male;62.8;150;2000-03-11;+1 980 38-205-66;2022-06-21 03:28:26
321;Marry Pere;Female;54.07;184;2003-08-27;+1 827 29-824-41;2020-01-18 19:26:23
322;Leila Cucuzza;Female;91.86;186;2002-07-07;+1 976 73-340-95;2021-10-05 00:58:04
323;Sonja Galimba;Female;64.83;190;2000-07-07;+1 149 15-064-48;2021-06-15 15:27:52
324;Chet Wilding;Female;88.65;189;2001-08-16;+1 784 70-856-42;2022-03-07 12:27:57
325;Katelyn Ponzo;Male;50.43;167;2001-09-03;+1 867 60-377-73;2020-10-05 15:20:26
326;Natisha Kirchhofer;Male;68.06;173;2001-01-24;+1 428 72-627-39;2020-01-09 15:32:27
327;Marguerita Greggory;Female;83.04;206;2002-12-29;+1 430 32-099-39;2022-01-28 17:13:48
328;Jannet Vath;Male;87.05;191;2004-09-07;+1 676 27-698-15;2022-09-26 05:33:43
329;Eldora Juenemann;Male;80.35;188;2002-01-18;+1 589 54-305-72;2022-08-24 21:37:14
330;Hershel Bilello;Female;95.99;204;2001-10-30;+1 722 25-998-56;2020-01-17 04:38:49
331;Bibi Waits;Female;64.24;165;2000-03-07;+1 560 70-115-17;2020-04-29 04:50:53
332;Ulrike Raisler;Male;88.12;171;2004-03-26;+1 049 74-790-50;2020-05-05 00:25:17
333;Tawnya Billiar;Female;90.4;193;2002-06-23;+1 487 04-526-12;2022-08-27 22:38:26
334;Aretha Hartlep;Male;64.52;194;2002-08-25;+1 501 57-749-26;2023-02-04 11:41:08
335;Jone Bohol;Male;88.4;170;2000-05-02;+1 955 33-256-33;2022-10-24 23:39:17
336;Mee Redlin;Male;80.28;155;2002-07-18;+1 773 74-903-36;2022-05-20 05:48:26
337;Aron Sietsema;Male;53.53;165;2001-05-26;+1 379 92-055-54;2020-07-15 08:27:52
338;Mikki Sides;Male;90.69;167;2004-09-06;+1 058 01-649-92;2021-12-21 10:35:33
339;Mariko Mallat;Female;78.45;160;2003-09-30;+1 470 25-109-48;2022-11-14 09:45:32
340;Denna Graffagnino;Male;85.02;186;2004-05-26;+1 796 67-692-77;2021-12-27 03:13:05
341;Lesley Filion;Male;92.23;200;2001-09-10;+1 860 83-191-08;2022-02-19 07:09:48
342;Simone Voth;Male;79.38;189;2004-09-24;+1 077 18-228-23;2021-04-23 23:24:38
343;Luci Chilcutt;Female;93.08;186;2002-04-20;+1 025 38-697-64;2022-10-12 06:42:05
344;Weldon Laurila;Male;63.2;173;2002-01-16;+1 130 27-195-41;2020-12-12 12:53:50
345;Calandra Gilbert;Female;78.66;188;2002-01-09;+1 272 74-817-76;2022-08-24 05:28:59
346;Sarita Aiu;Male;50.63;193;2004-04-19;+1 754 23-036-83;2023-02-10 19:23:24
347;Noah Plagman;Male;51.96;207;2004-11-05;+1 507 67-946-37;2022-06-11 07:24:32
348;Wayne Colgan;Female;71.84;177;2003-05-27;+1 043 42-438-52;2021-03-20 04:59:29
349;Wilda Gatchell;Male;73.18;158;2001-06-04;+1 986 12-672-08;2022-01-17 13:12:00
350;Oralia Stableford;Female;76.08;165;2003-02-18;+1 169 65-005-62;2020-11-09 08:56:52
351;Errol Dobbratz;Female;67.7;184;2004-10-20;+1 563 43-977-49;2021-04-08 06:16:31
352;Pamula Rommel;Female;55.94;209;2004-05-25;+1 397 39-307-16;2022-11-22 21:46:41
353;Maryellen Brawer;Male;67.92;154;2004-05-19;+1 495 37-861-42;2020-09-04 20:11:04
354;Roselle Enwall;Male;80.65;151;2000-11-23;+1 619 18-469-21;2020-04-20 03:02:52
355;Man Hodgson;Female;76.8;166;2003-08-10;+1 639 21-686-46;2020-04-23 02:33:32
356;Otha Adee;Male;56.11;167;2004-01-13;+1 359 06-142-17;2021-11-24 12:19:04
357;Trina Sitterly;Male;80.12;203;2001-05-04;+1 214 74-887-46;2021-08-13 02:05:43
358;Gala Sharp;Female;93.38;197;2002-10-21;+1 256 91-299-18;2021-08-22 13:42:39
359;Slyvia Wernett;Female;68.96;156;2002-01-29;+1 207 51-465-59;2021-08-26 22:59:00
360;Susannah Loiacono;Male;86.47;186;2004-02-22;+1 465 26-663-24;2022-01-16 07:04:49
361;Branda Rowsey;Female;81.91;191;2004-12-21;+1 891 86-304-02;2022-09-01 13:28:46
362;Darrell Frusci;Male;54.63;157;2004-07-24;+1 092 23-266-32;2020-03-26 00:17:27
363;Nyla Poolheco;Male;62.31;180;2001-09-10;+1 789 26-840-72;2022-05-12 00:48:02
364;Arlene Leitner;Female;85.47;164;2002-05-15;+1 202 00-421-29;2020-12-18 13:26:52
365;Christa Munar;Male;60.79;158;2003-10-29;+1 515 19-681-64;2022-04-14 03:55:26
366;Felecia Behnke;Male;93.03;201;2000-05-02;+1 561 04-222-06;2022-08-13 07:01:03
367;Evonne Cosgriff;Male;83.42;161;2003-12-22;+1 647 66-614-43;2020-04-08 20:14:00
368;Xenia Cheatwood;Female;52.36;206;2004-12-09;+1 649 02-025-17;2020-11-29 16:24:54
369;Lavonda Ingemi;Male;90.38;169;2002-01-09;+1 702 20-865-94;2020-02-20 08:02:14
370;Kristofer Dain;Female;80.76;181;2000-11-16;+1 092 36-284-58;2020-08-23 19:41:35
371;Leighann Bahar;Female;94.39;157;2002-06-15;+1 845 60-390-67;2021-12-29 00:11:46
372;Lue Banvelos;Male;71.4;156;2004-08-13;+1 759 72-292-45;2021-10-22 10:22:29
373;Annice Wray;Male;66.05;156;2002-12-01;+1 377 15-228-48;2021-06-24 05:35:44
374;Shena Trinkley;Male;56.8;196;2000-06-03;+1 691 80-507-98;2021-11-25 17:34:16
375;Gilberto Beeching;Male;64.01;199;2001-05-16;+1 165 23-772-79;2020-03-07 10:54:03
376;Kiera Ruesink;Female;79.62;191;2004-05-04;+1 510 90-919-64;2020-04-17 01:19:34
377;Lakesha Opalka;Male;76.91;175;2002-09-05;+1 437 00-777-75;2022-11-28 01:15:22
378;Ayesha Clermont;Female;71.16;161;2004-12-10;+1 523 85-727-26;2020-02-05 07:43:34
379;Taylor Balistrieri;Female;85.51;172;2001-02-18;+1 276 76-304-44;2020-06-26 10:22:32
380;Fumiko Beem;Female;67.36;209;2004-10-28;+1 318 37-633-79;2020-10-28 15:21:48
381;Billy Finks;Female;98.56;165;2004-01-28;+1 632 57-247-39;2020-03-30 05:25:21
382;Faustina Beaureguard;Female;98.14;153;2000-11-22;+1 700 22-482-50;2021-05-29 14:34:43
383;Gabriela Heinzig;Female;93.58;181;2000-09-14;+1 949 61-351-79;2021-12-08 17:32:11
384;Marylouise Ladeau;Male;90.9;206;2003-08-09;+1 576 64-807-28;2022-07-20 01:08:19
385;Petrina Magnia;Male;94.55;153;2001-03-16;+1 922 92-821-91;2021-11-16 02:38:06
386;Gigi Cavallero;Male;71.21;202;2003-09-07;+1 289 23-333-61;2022-05-09 02:44:46
387;Mitsuko Miears;Male;88.3;172;2004-06-28;+1 961 47-304-56;2022-02-22 07:10:56
388;Tashina Pote;Female;97.24;188;2002-02-05;+1 852 29-718-47;2020-12-19 19:24:28
389;Astrid Corprew;Male;50.65;186;2003-08-21;+1 306 96-903-77;2020-10-13 12:41:44
390;Lance Andrado;Male;59.95;202;2003-03-17;+1 063 66-398-08;2021-01-26 17:23:24
391;Rhoda Azad;Male;81.06;188;2000-06-13;+1 275 06-949-15;2022-06-06 09:51:36
392;Ismael Dabdoub;Male;75.8;184;2003-12-04;+1 921 84-195-92;2021-04-12 22:05:53
393;Shirly Cholico;Female;70.2;202;2002-07-09;+1 601 07-194-91;2020-12-17 14:16:13
394;Lynsey Pisegna;Male;53.65;195;2001-01-14;+1 005 66-486-05;2022-11-29 16:49:09
395;Laurice Satsky;Female;50.25;190;2001-04-07;+1 826 01-923-60;2023-02-28 06:06:35
396;Man Verhulst;Male;77.63;175;2000-05-21;+1 631 20-819-16;2020-09-06 16:10:51
397;Thad Zimm;Male;59.65;152;2004-06-21;+1 962 37-098-09;2023-01-24 01:44:38
398;Ashli Sharpsteen;Female;72.25;153;2004-01-06;+1 605 76-582-28;2021-04-06 06:39:46
399;Isobel Tonnesen;Male;69.79;210;2003-01-23;+1 384 13-253-99;2020-03-14 19:11:17
400;Ethel Cate;Female;73.93;168;2003-12-01;+1 410 78-998-11;2021-07-14 02:52:06
401;Shani Console;Male;72.0;158;2000-07-28;+1 568 48-871-65;2021-05-11 17:54:40
402;Vi Wasson;Male;78.14;172;2003-08-17;+1 501 75-248-08;2021-10-31 23:13:49
403;Kandra Lemley;Female;61.92;174;2003-08-31;+1 342 27-356-07;2022-02-19 15:04:00
404;Leslee Beik;Male;89.43;153;2001-07-24;+1 181 73-954-83;2021-01-09 03:02:31
405;Porsha Genta;Male;83.39;153;2004-08-15;+1 632 47-863-35;2020-06-09 15:33:16
406;Corazon Pihlaja;Male;90.08;192;2004-11-29;+1 733 25-952-95;2020-12-18 01:32:33
407;Penney Picazo;Female;80.48;168;2002-02-12;+1 018 55-222-80;2021-03-30 03:47:11
408;Easter Willenbrink;Female;59.62;183;2003-01-02;+1 068 27-012-26;2020-01-14 13:34:42
409;Jay Zipf;Female;51.28;174;2004-02-12;+1 624 61-209-66;2020-08-11 01:51:51
410;Suellen Tydeman;Female;64.24;153;2002-10-29;+1 037 05-701-44;2021-03-04 22:42:33
411;Roxanne Seipp;Female;62.82;200;2000-06-27;+1 429 43-389-33;2021-10-12 22:23:12
412;Fernanda Mcconnico;Male;91.2;150;2001-05-13;+1 968 28-650-88;2020-06-28 11:11:08
413;Lindsay Gorringe;Male;53.16;192;2002-03-14;+1 881 63-486-00;2020-10-06 00:25:27
414;Nancy Yasuda;Female;84.43;209;2003-06-03;+1 965 64-400-76;2022-01-21 05:19:26
415;Kyle Ratermann;Female;93.15;163;2002-04-25;+1 325 95-728-63;2022-12-20 13:20:08
416;Dawne Lacefield;Male;73.68;154;2004-06-14;+1 309 91-958-68;2020-07-03 04:34:20
417;Dell Zaharchuk;Male;90.0;188;2002-03-14;+1 466 46-121-73;2021-10-05 11:55:35
418;Kathrine Ogwin;Female;69.64;197;2000-10-25;+1 468 19-317-67;2022-11-13 01:35:15
419;Librada Sorgatz;Female;82.6;153;2004-06-04;+1 232 92-153-32;2022-11-30 20:37:22
420;Lorilee Scalf;Female;76.72;161;2002-12-15;+1 997 25-771-68;2022-11-20 03:07:20
421;Merrilee Devincenzo;Male;90.04;198;2000-09-04;+1 158 04-793-83;2021-02-26 13:59:38
422;Georgann Plank;Male;98.56;207;2002-12-26;+1 973 05-278-83;2022-09-21 20:01:14
423;Ellsworth Gertsema;Female;84.13;161;2000-08-04;+1 914 01-732-28;2020-07-27 12:55:07
424;Kasi Meierhofer;Male;67.38;163;2003-02-23;+1 511 07-660-76;2022-01-06 09:17:02
425;Savanna Hodnicki;Male;50.98;174;2000-11-03;+1 141 69-462-34;2020-01-13 19:12:19
426;Jong Marsella;Male;88.33;183;2002-09-25;+1 542 78-858-28;2022-02-08 06:03:05
427;Beverlee Massenberg;Male;94.82;204;2001-04-08;+1 313 76-372-08;2022-05-04 16:12:58
428;Glendora Goodfield;Female;55.96;168;2001-11-07;+1 376 77-480-79;2020-04-02 12:23:46
429;Yoko Dagnon;Male;53.78;206;2003-11-26;+1 277 25-669-65;2020-01-07 23:14:11
430;Jolene Stiman;Male;84.63;155;2000-12-25;+1 886 87-470-84;2020-10-18 04:34:56
431;Blake Wickens;Female;88.06;199;2002-11-19;+1 396 68-045-90;2020-04-13 10:55:23
432;Stephan Frehse;Female;60.47;209;2000-09-25;+1 091 65-507-95;2022-07-27 00:19:32
433;Chad Stoos;Female;86.17;176;2004-04-26;+1 258 80-191-34;2021-09-10 20:58:09
434;Shara Wain;Male;89.19;185;2002-12-13;+1 666 12-378-72;2021-12-30 23:53:09
435;Valda Buskohl;Female;97.72;154;2004-01-12;+1 353 15-159-92;2023-02-18 03:58:38
436;Dusty Mcbath;Female;69.14;175;2001-08-14;+1 621 18-168-09;2022-09-15 01:11:21
437;Tyson Garahan;Male;68.07;155;2002-11-06;+1 570 22-751-76;2022-03-18 01:19:18
438;Delcie Muma;Male;59.96;178;2002-07-31;+1 476 08-065-07;2023-03-12 23:12:58
439;Merna Kalert;Male;62.8;167;2001-10-22;+1 267 98-651-51;2021-04-28 01:07:16
440;Tenesha Burak;Male;61.61;203;2001-02-10;+1 377 52-354-84;2021-11-19 16:00:36
441;Pearline Punter;Female;89.99;159;2001-11-26;+1 153 50-151-20;2021-05-28 21:34:59
442;Ayana Brounson;Male;92.49;209;2002-04-01;+1 464 23-385-97;2020-04-15 02:59:35
443;Dudley Herbison;Female;59.21;157;2003-09-25;+1 231 22-930-10;2022-12-12 00:35:15
444;Guillermina Rollie;Female;94.68;179;2003-12-15;+1 477 52-650-87;2020-10-05 12:47:32
445;Latashia Keehner;Male;79.96;194;2001-05-04;+1 358 69-679-64;2021-01-15 21:39:26
446;Earleen Datte;Male;53.29;168;2001-08-11;+1 493 08-783-99;2021-08-26 02:45:33
447;Laurence Carlberg;Male;57.27;185;2000-09-17;+1 700 66-078-17;2022-10-16 20:47:45
448;Ileana Bohlander;Female;50.66;166;2000-01-30;+1 547 65-890-92;2021-11-11 11:25:38
449;Evelyne Nellon;Male;89.51;189;2000-07-19;+1 350 28-526-17;2021-01-14 02:29:37
450;Meggan Jimeno;Female;89.09;196;2004-01-28;+1 309 47-110-39;2020-08-31 13:20:59
451;Pearlie Doheny;Female;69.07;180;2000-09-06;+1 197 70-604-71;2022-09-02 03:03:49
452;Shari Scharrer;Female;53.31;187;2001-10-28;+1 829 91-830-85;2020-08-03 16:51:57
453;Gidget Butera;Male;67.22;210;2000-03-15;+1 372 56-474-79;2023-02-06 13:35:36
454;Winifred Lauseng;Male;78.59;173;2000-04-26;+1 358 50-504-98;2021-05-23 05:32:37
455;Pamela Mascolo;Female;82.17;197;2002-10-31;+1 268 60-931-12;2020-09-10 12:02:19
456;Yuki Stasulis;Male;83.39;160;2001-02-05;+1 806 45-664-16;2022-01-02 16:08:34
457;Dedra Guilliams;Male;71.78;178;2004-08-30;+1 016 96-755-58;2020-04-04 03:08:10
458;Tessie Kauk;Female;90.78;158;2002-08-13;+1 434 01-973-04;2022-02-22 02:26:31
459;Maren Eberley;Female;87.89;181;2004-02-09;+1 744 46-250-63;2021-02-26 20:58:37
460;Ami Baddeley;Female;50.83;165;2000-04-24;+1 658 39-205-32;2020-06-23 22:05:29
461;Mikaela Launt;Female;72.88;182;2004-12-13;+1 281 55-405-15;2021-08-01 22:53:09
462;Henriette Bonney;Female;50.69;204;2001-08-24;+1 198 09-626-74;2022-12-02 22:15:12
463;Lynetta Giller;Female;63.67;162;2001-07-27;+1 122 56-032-52;2021-12-25 13:00:51
464;Tesha Bartow;Male;70.74;207;2003-07-24;+1 296 45-146-49;2021-04-15 22:20:09
465;Earlean Bemo;Male;86.38;166;2000-07-17;+1 343 74-177-73;2020-11-17 08:49:51
466;Hermelinda Vanleeuwen;Female;63.44;160;2002-12-14;+1 436 52-088-01;2021-06-24 23:56:10
467;Carie Suriel;Female;97.73;163;2001-03-03;+1 142 34-763-39;2023-02-11 07:49:24
468;Daina Tresselt;Female;73.21;164;2004-11-12;+1 494 93-787-14;2020-04-02 09:43:27
469;Dalton Spears;Male;75.97;191;2003-10-17;+1 131 06-919-64;2023-03-01 07:16:34
470;Sheena Uplinger;Male;68.04;179;2002-04-11;+1 024 60-183-09;2021-12-01 15:23:56
471;Justin Burbage;Male;96.08;206;2002-05-03;+1 861 68-538-68;2022-11-12 09:26:44
472;Hank Mccrabb;Female;54.99;209;2003-06-14;+1 783 24-194-30;2020-11-21 21:32:12
473;Alina Qualey;Female;57.03;181;2003-05-21;+1 668 90-169-97;2020-09-05 19:15:46
474;Tuyet Rummerfield;Male;52.09;181;2000-05-05;+1 163 16-154-91;2022-07-18 06:07:37
475;Angelic Gupta;Female;99.45;191;2004-09-26;+1 748 52-679-84;2021-09-08 00:09:07
476;Carie Breaux;Male;69.62;174;2001-08-21;+1 903 22-738-04;2023-03-06 23:22:10
477;Miguel Johansing;Male;93.86;182;2002-08-23;+1 061 51-507-37;2022-04-18 06:48:40
478;Jenifer Keala;Male;63.33;186;2004-03-13;+1 234 58-639-18;2020-08-19 00:35:51
479;Junko Mode;Male;88.87;179;2001-01-19;+1 822 24-673-51;2020-09-18 21:10:57
480;Rick Merle;Female;85.99;181;2000-12-28;+1 458 45-641-94;2021-11-14 08:57:07
481;Shauna Markve;Male;83.41;207;2003-12-01;+1 808 29-032-65;2022-12-14 10:39:47
482;Ressie Kimminau;Male;72.09;182;2001-08-24;+1 013 71-354-38;2021-02-11 19:55:05
483;Raeann Carnell;Female;52.05;191;2001-10-13;+1 742 12-855-86;2020-12-18 01:29:24
484;Daina Grode;Female;87.35;167;2001-03-30;+1 885 54-776-68;2022-04-06 21:09:58
485;Moses Buckler;Male;87.97;181;2000-04-11;+1 457 18-924-05;2020-12-13 22:00:37
486;Carolyne Barbini;Female;98.47;188;2000-04-20;+1 012 26-335-69;2021-12-25 05:16:14
487;Zena Merithew;Female;77.34;171;2003-06-30;+1 176 95-193-73;2023-02-05 12:56:30
488;Sarina Bickes;Male;78.72;163;2000-12-15;+1 664 42-699-08;2021-12-03 17:14:58
489;Laila Ruehlen;Female;82.65;152;2002-05-21;+1 244 32-142-69;2021-02-07 17:25:01
490;Monty Mielczarek;Female;54.55;171;2000-07-03;+1 270 36-393-99;2020-10-12 13:24:33
491;Ara Blumstein;Female;63.46;205;2001-10-18;+1 882 08-517-66;2021-07-21 14:04:24
492;Rosio Englemann;Male;98.78;161;2002-05-20;+1 883 77-972-35;2021-12-12 04:09:49
493;Buena Zhanel;Male;62.63;196;2001-12-24;+1 296 01-840-44;2020-09-03 23:04:17
494;Enoch Gundry;Female;98.68;206;2004-08-04;+1 228 03-634-43;2020-10-22 02:19:38
495;Faustino Brennon;Male;51.89;197;2002-03-30;+1 262 85-855-32;2021-08-03 19:48:25
496;Leanna Angiolillo;Male;72.35;167;2003-07-21;+1 898 97-870-15;2020-09-05 12:46:24
497;Natacha Scandurra;Female;98.43;196;2004-05-13;+1 961 44-460-84;2022-04-20 01:40:40
498;Liza Fiala;Female;57.48;159;2003-01-22;+1 092 08-212-11;2021-09-16 17:09:06
499;Veta Manire;Female;58.68;180;2000-12-23;+1 523 12-585-19;2020-03-04 13:22:42